import time: self [us] | cumulative | imported package
import time:       140 |        140 |   _io
import time:        27 |         27 |   marshal
import time:       316 |        316 |   posix
import time:       752 |       1234 | _frozen_importlib_external
import time:        94 |         94 |   time
import time:       242 |        335 | zipimport
import time:       116 |        116 |     _codecs
import time:       485 |        600 |   codecs
import time:       363 |        363 |   encodings.aliases
import time:       812 |       1774 | encodings
import time:       186 |        186 | encodings.utf_8
import time:        78 |         78 | _signal
import time:        27 |         27 |     _abc
import time:       242 |        268 |   abc
import time:       274 |        541 | io
import time:        41 |         41 |       _stat
import time:       179 |        219 |     stat
import time:       724 |        724 |     _collections_abc
import time:        32 |         32 |       genericpath
import time:       220 |        251 |     posixpath
import time:       710 |       1903 |   os
import time:        59 |         59 |   _sitebuiltins
import time:       436 |        436 |       warnings
import time:       445 |        881 |     importlib
import time:        54 |         54 |       importlib.machinery
import time:       160 |        160 |       importlib._abc
import time:       255 |        255 |                     types
import time:       137 |        137 |                       _operator
import time:       445 |        582 |                     operator
import time:       157 |        157 |                         itertools
import time:       142 |        142 |                         keyword
import time:       157 |        157 |                         reprlib
import time:        63 |         63 |                         _collections
import time:      1403 |       1920 |                       collections
import time:        51 |         51 |                       _functools
import time:      1459 |       3429 |                     functools
import time:      1794 |       6058 |                   enum
import time:        59 |         59 |                     _sre
import time:       248 |        248 |                       re._constants
import time:       616 |        864 |                     re._parser
import time:       118 |        118 |                     re._casefix
import time:       839 |       1879 |                   re._compiler
import time:       166 |        166 |                   copyreg
import time:      1016 |       9117 |                 re
import time:       283 |       9400 |               fnmatch
import time:       401 |        401 |                 _winapi
import time:        67 |         67 |                 nt
import time:        60 |         60 |                 nt
import time:        57 |         57 |                 nt
import time:        57 |         57 |                 nt
import time:        55 |         55 |                 nt
import time:      1028 |       1722 |               ntpath
import time:        54 |         54 |               errno
import time:       111 |        111 |                 urllib
import time:      1164 |       1164 |                 ipaddress
import time:      1465 |       2739 |               urllib.parse
import time:      1448 |      15362 |             pathlib
import time:       305 |        305 |                 zlib
import time:       187 |        187 |                   _compression
import time:       184 |        184 |                   _bz2
import time:       612 |        982 |                 bz2
import time:       221 |        221 |                   _lzma
import time:       403 |        623 |                 lzma
import time:      1262 |       3170 |               shutil
import time:       182 |        182 |                 math
import time:       106 |        106 |                   _bisect
import time:       316 |        421 |                 bisect
import time:       106 |        106 |                 _random
import time:       100 |        100 |                 _sha512
import time:      1286 |       2094 |               random
import time:       176 |        176 |                 _weakrefset
import time:       586 |        761 |               weakref
import time:      1061 |       7084 |             tempfile
import time:       533 |        533 |             contextlib
import time:       176 |        176 |               collections.abc
import time:       124 |        124 |               _typing
import time:      2695 |       2995 |             typing
import time:      1228 |       1228 |             importlib.resources.abc
import time:       363 |        363 |             importlib.resources._adapters
import time:      1503 |      29064 |           importlib.resources._common
import time:       186 |        186 |           importlib.resources._legacy
import time:       524 |      29773 |         importlib.resources
import time:       204 |      29976 |       importlib.resources.abc
import time:      1020 |      31208 |     importlib.abc
import time:    217368 |     249456 |   _pynvml_redirector
import time:    191118 |     191118 |   _virtualenv
import time:      1898 |       1898 |   _distutils_hack
import time:    195839 |     195839 |   sitecustomize
import time:   4464297 |    5104568 | site
import time:       111 |        111 |         org
import time:       247 |        358 |       org.python
import time:       213 |        570 |     org.python.core
import time:       419 |        988 |   copy
import time:        92 |         92 |       _ast
import time:      2190 |       2281 |     ast
import time:       180 |        180 |         _opcode
import time:       580 |        760 |       opcode
import time:      1064 |       1824 |     dis
import time:       172 |        172 |         token
import time:      1070 |       1241 |       tokenize
import time:       376 |       1616 |     linecache
import time:      2225 |       7945 |   inspect
import time:      1380 |      10312 | dataclasses
import time:       877 |        877 |     textwrap
import time:       788 |       1665 |   traceback
import time:        38 |         38 |     _string
import time:       737 |        775 |   string
import time:       600 |        600 |   threading
import time:        46 |         46 |   atexit
import time:      2684 |       5768 | logging
import time:      1566 |       1566 | platform
import time:   1160159 |    1160159 |   etils
import time:       232 |        232 |   __future__
import time:       288 |        288 |         unittest.util
import time:       651 |        939 |       unittest.result
import time:       172 |        172 |             _heapq
import time:       484 |        655 |           heapq
import time:       864 |       1519 |         difflib
import time:       350 |        350 |         pprint
import time:      1068 |       2936 |       unittest.case
import time:       261 |        261 |       unittest.suite
import time:       632 |        632 |       unittest.loader
import time:       726 |        726 |           gettext
import time:      1044 |       1770 |         argparse
import time:       618 |        618 |             signal
import time:       342 |        960 |           unittest.signals
import time:       424 |       1383 |         unittest.runner
import time:       648 |       3799 |       unittest.main
import time:      1202 |       9767 |     unittest
import time:       140 |        140 |             concurrent
import time:       506 |        506 |             concurrent.futures._base
import time:       581 |       1226 |           concurrent.futures
import time:       344 |        344 |             _socket
import time:       221 |        221 |               select
import time:      1493 |       1714 |             selectors
import time:       228 |        228 |             array
import time:      2015 |       4299 |           socket
import time:        81 |         81 |               _locale
import time:      1331 |       1411 |             locale
import time:       188 |        188 |             fcntl
import time:       112 |        112 |             msvcrt
import time:       127 |        127 |             _posixsubprocess
import time:      1380 |       3216 |           subprocess
import time:      1772 |       1772 |             _ssl
import time:       183 |        183 |                 _struct
import time:       306 |        489 |               struct
import time:       163 |        163 |               binascii
import time:       708 |       1358 |             base64
import time:      3114 |       6243 |           ssl
import time:       275 |        275 |           asyncio.constants
import time:       136 |        136 |           asyncio.coroutines
import time:       183 |        183 |               _contextvars
import time:       286 |        468 |             contextvars
import time:       125 |        125 |             asyncio.format_helpers
import time:       124 |        124 |               asyncio.base_futures
import time:       187 |        187 |               asyncio.exceptions
import time:       121 |        121 |               asyncio.base_tasks
import time:       815 |       1246 |             _asyncio
import time:       985 |       2822 |           asyncio.events
import time:       210 |        210 |           asyncio.futures
import time:       176 |        176 |           asyncio.protocols
import time:       256 |        256 |             asyncio.transports
import time:       109 |        109 |             asyncio.log
import time:       937 |       1301 |           asyncio.sslproto
import time:       123 |        123 |               asyncio.mixins
import time:       334 |        334 |               asyncio.tasks
import time:       896 |       1352 |             asyncio.locks
import time:       514 |       1865 |           asyncio.staggered
import time:       152 |        152 |           asyncio.trsock
import time:      3004 |      24920 |         asyncio.base_events
import time:       291 |        291 |         asyncio.runners
import time:       328 |        328 |         asyncio.queues
import time:       317 |        317 |         asyncio.streams
import time:       201 |        201 |         asyncio.subprocess
import time:       188 |        188 |         asyncio.taskgroups
import time:       378 |        378 |         asyncio.timeouts
import time:       121 |        121 |         asyncio.threads
import time:       225 |        225 |           asyncio.base_subprocess
import time:       434 |        434 |           asyncio.selector_events
import time:      1046 |       1704 |         asyncio.unix_events
import time:      1702 |      30145 |       asyncio
import time:       130 |        130 |         importlib.util
import time:       602 |        732 |       pkgutil
import time:      1510 |      32386 |     unittest.mock
import time:       266 |        266 |         _datetime
import time:      1697 |       1963 |       datetime
import time:       322 |        322 |       glob
import time:      1476 |       1476 |       etils.epath.stat_utils
import time:       964 |        964 |       etils.epath.typing
import time:      2267 |       6990 |     etils.epath.backend
import time:      1135 |       1135 |           etils.epy.reraise_utils
import time:      1414 |       2549 |         etils.epy._internal
import time:       875 |        875 |         etils.epy.typing
import time:      1364 |       1364 |           etils.epy.adhoc_utils
import time:      1119 |       1119 |           etils.epy.contextlib
import time:      1087 |       1087 |             etils.epy.adhoc_utils.curr_args
import time:      1737 |       2824 |           etils.epy.lazy_imports_utils
import time:      1316 |       1316 |           etils.epy.py_utils
import time:      1186 |       1186 |           etils.epy.adhoc_utils.module_utils
import time:      1007 |       1007 |           etils.epy.adhoc_utils.utils
import time:      2130 |      10942 |         etils.epy.adhoc_utils.binary_import
import time:      1042 |       1042 |         etils.epy.descriptors
import time:       256 |        256 |             termios
import time:       347 |        603 |           getpass
import time:      1127 |       1729 |         etils.epy.env_utils
import time:      1084 |       1084 |         etils.epy.itertools
import time:       991 |        991 |         etils.epy.lazy_api_imports_utils
import time:      1008 |       1008 |         etils.epy.re_utils
import time:      1629 |       1629 |         etils.epy.text_utils
import time:      3120 |      24964 |       etils.epy
import time:      1047 |       1047 |         etils.epath.register
import time:      1471 |       2518 |       etils.epath.abstract_path
import time:      1560 |      29041 |     etils.epath.gpath
import time:      3465 |      81647 |   etils.epath.testing
import time:    336438 |     336438 |     typing_extensions
import time:      1240 |     337678 |   etils.epath.flags
import time:       929 |        929 |     zipfile
import time:      1571 |       2499 |   etils.epath.resource_utils
import time:      3997 |    1586209 | etils.epath
import time:      1498 |       1498 |     flax.configurations
import time:      1459 |       1459 |           jax.version
import time:      1421 |       1421 |             jax._src
import time:        61 |         61 |                 gc
import time:      1233 |       1233 |                   jaxlib.version
import time:      1695 |       2927 |                 jaxlib
import time:      1683 |       1683 |                 jaxlib.cpu_feature_guard
import time:      3436 |       3436 |                 jaxlib.utils
import time:       449 |        449 |                   gzip
import time:      1175 |       1175 |                                   numpy._utils._convertions
import time:      1856 |       3031 |                                 numpy._utils
import time:      1821 |       4851 |                               numpy._globals
import time:      1081 |       1081 |                               numpy.exceptions
import time:       922 |        922 |                               numpy.version
import time:        36 |         36 |                                 numpy._distributor_init_local
import time:      1108 |       1144 |                               numpy._distributor_init
import time:      1416 |       1416 |                                         numpy._utils._inspect
import time:    195153 |     195153 |                                           numpy.core._exceptions
import time:      1166 |       1166 |                                           numpy.dtypes
import time:   1382382 |    1578699 |                                         numpy.core._multiarray_umath
import time:    230273 |    1810387 |                                       numpy.core.overrides
import time:    223879 |    2034265 |                                     numpy.core.multiarray
import time:      1251 |       1251 |                                     numpy.core.umath
import time:       613 |        613 |                                       numbers
import time:      1019 |       1019 |                                       numpy.core._string_helpers
import time:    206202 |     206202 |                                             pickle5
import time:       411 |        411 |                                               _compat_pickle
import time:       344 |        344 |                                               _pickle
import time:       106 |        106 |                                                   org
import time:       176 |        281 |                                                 org.python
import time:       176 |        456 |                                               org.python.core
import time:      1554 |       2763 |                                             pickle
import time:    215901 |     424866 |                                           numpy.compat.py3k
import time:    213588 |     638454 |                                         numpy.compat
import time:    215141 |     215141 |                                         numpy.core._dtype
import time:      1569 |     855163 |                                       numpy.core._type_aliases
import time:      1928 |     858722 |                                     numpy.core.numerictypes
import time:      1250 |       1250 |                                             numpy.core._ufunc_config
import time:    194006 |     195256 |                                           numpy.core._methods
import time:   1054600 |    1249855 |                                         numpy.core.fromnumeric
import time:    227422 |    1477276 |                                       numpy.core.shape_base
import time:    193885 |     193885 |                                       numpy.core.arrayprint
import time:    197049 |     197049 |                                       numpy.core._asarray
import time:      2465 |    1870673 |                                     numpy.core.numeric
import time:      2101 |       2101 |                                     numpy.core.defchararray
import time:    195646 |     195646 |                                     numpy.core.records
import time:    200139 |     200139 |                                     numpy.core.memmap
import time:    195272 |     195272 |                                     numpy.core.function_base
import time:      1251 |       1251 |                                     numpy.core._machar
import time:      1460 |       1460 |                                     numpy.core.getlimits
import time:      1424 |       1424 |                                     numpy.core.einsumfunc
import time:    633262 |     633262 |                                       numpy.core._multiarray_tests
import time:    194272 |     827533 |                                     numpy.core._add_newdocs
import time:    822905 |     822905 |                                     numpy.core._add_newdocs_scalars
import time:      1206 |       1206 |                                     numpy.core._dtype_ctypes
import time:       406 |        406 |                                         _ctypes
import time:       330 |        330 |                                         ctypes._endian
import time:      1470 |       2205 |                                       ctypes
import time:      2003 |       4208 |                                     numpy.core._internal
import time:      1376 |       1376 |                                     numpy._pytesttester
import time:    618090 |    7637515 |                                   numpy.core
import time:       197 |    7637712 |                                 numpy.core._multiarray_umath
import time:      1321 |    7639032 |                               numpy.__config__
import time:      1744 |       1744 |                                 numpy.lib.mixins
import time:    213369 |     213369 |                                     numpy.lib.ufunclike
import time:      1715 |     215083 |                                   numpy.lib.type_check
import time:      1403 |     216485 |                                 numpy.lib.scimath
import time:    194037 |     194037 |                                             numpy.lib.stride_tricks
import time:    190985 |     385022 |                                           numpy.lib.twodim_base
import time:      1676 |       1676 |                                           numpy.linalg._umath_linalg
import time:      1487 |       1487 |                                             numpy._typing._nested_sequence
import time:       978 |        978 |                                             numpy._typing._nbit
import time:      1636 |       1636 |                                             numpy._typing._char_codes
import time:      1119 |       1119 |                                             numpy._typing._scalars
import time:       931 |        931 |                                             numpy._typing._shape
import time:      2059 |       2059 |                                             numpy._typing._dtype_like
import time:      2542 |       2542 |                                             numpy._typing._array_like
import time:      3775 |      14523 |                                           numpy._typing
import time:      3461 |     404681 |                                         numpy.linalg.linalg
import time:      1878 |     406559 |                                       numpy.linalg
import time:      1758 |     408317 |                                     numpy.matrixlib.defmatrix
import time:      1885 |     410201 |                                   numpy.matrixlib
import time:    172050 |     172050 |                                     numpy.lib.histograms
import time:      2812 |     174861 |                                   numpy.lib.function_base
import time:    389622 |     974683 |                                 numpy.lib.index_tricks
import time:      1628 |       1628 |                                 numpy.lib.nanfunctions
import time:      1431 |       1431 |                                 numpy.lib.shape_base
import time:    192104 |     192104 |                                 numpy.lib.polynomial
import time:      1677 |       1677 |                                 numpy.lib.utils
import time:    384138 |     384138 |                                 numpy.lib.arraysetops
import time:      1378 |       1378 |                                   numpy.lib.format
import time:    606870 |     606870 |                                   numpy.lib._datasource
import time:    219960 |     219960 |                                   numpy.lib._iotools
import time:      2556 |     830763 |                                 numpy.lib.npyio
import time:    652059 |     652059 |                                 numpy.lib.arrayterator
import time:    439747 |     439747 |                                 numpy.lib.arraypad
import time:      1109 |       1109 |                                 numpy.lib._version
import time:   1205488 |    4903051 |                               numpy.lib
import time:      1512 |       1512 |                                   numpy.fft._pocketfft_internal
import time:      1833 |       3345 |                                 numpy.fft._pocketfft
import time:      1094 |       1094 |                                 numpy.fft.helper
import time:      2140 |       6578 |                               numpy.fft
import time:    202789 |     202789 |                                   numpy.polynomial.polyutils
import time:    441504 |     441504 |                                   numpy.polynomial._polybase
import time:      2572 |     646864 |                                 numpy.polynomial.polynomial
import time:      1686 |       1686 |                                 numpy.polynomial.chebyshev
import time:      1328 |       1328 |                                 numpy.polynomial.legendre
import time:    436440 |     436440 |                                 numpy.polynomial.hermite
import time:      1615 |       1615 |                                 numpy.polynomial.hermite_e
import time:      1576 |       1576 |                                 numpy.polynomial.laguerre
import time:    773935 |    1863442 |                               numpy.polynomial
import time:    185452 |     185452 |                                         backports_abc
import time:      2031 |     187483 |                                       numpy.random._common
import time:       952 |        952 |                                           _hashlib
import time:       173 |        173 |                                             _blake2
import time:       514 |        686 |                                           hashlib
import time:       617 |       2254 |                                         hmac
import time:       372 |       2626 |                                       secrets
import time:      2101 |     192208 |                                     numpy.random.bit_generator
import time:      1498 |       1498 |                                     numpy.random._bounded_integers
import time:      1350 |       1350 |                                     numpy.random._mt19937
import time:      3746 |     198801 |                                   numpy.random.mtrand
import time:      1207 |       1207 |                                   numpy.random._philox
import time:      1145 |       1145 |                                   numpy.random._pcg64
import time:      1009 |       1009 |                                   numpy.random._sfc64
import time:      2637 |       2637 |                                   numpy.random._generator
import time:      2342 |     207138 |                                 numpy.random._pickle
import time:      1978 |     209116 |                               numpy.random
import time:      1390 |       1390 |                               numpy.ctypeslib
import time:      4108 |       4108 |                                 numpy.ma.core
import time:      2721 |       2721 |                                 numpy.ma.extras
import time:      2114 |       8942 |                               numpy.ma
import time:    157529 |   14797072 |                             numpy
import time:      1774 |   14798846 |                           numpy._core
import time:      1468 |   14800314 |                         numpy._core._multiarray_umath
import time:      8128 |   14808441 |                       ml_dtypes._ml_dtypes_ext
import time:      1606 |   14810046 |                     ml_dtypes._finfo
import time:      1382 |       1382 |                     ml_dtypes._iinfo
import time:      2003 |   14813431 |                   ml_dtypes
import time:    133366 |     133366 |                   jaxlib.xla_extension
import time:      2897 |   14950141 |                 jaxlib.xla_client
import time:       729 |        729 |                   jaxlib.cpu
import time:      4235 |       4235 |                   jaxlib.cpu._lapack
import time:      1760 |       6724 |                 jaxlib.lapack
import time:        72 |         72 |                   jaxlib.cuda
import time:       209 |        280 |                 jaxlib.cuda._versions
import time:     30001 |      30001 |                   jax_cuda12_plugin
import time:      4257 |      34258 |                 jax_cuda12_plugin._versions
import time:      1051 |       1051 |                   jaxlib.plugin_support
import time:   1226725 |    1227776 |                 jaxlib.gpu_solver
import time:       674 |        674 |                     jaxlib.mlir
import time:    258135 |     258135 |                           jaxlib.mlir._mlir_libs._mlir
import time:    849869 |    1108003 |                         jaxlib.mlir._mlir_libs
import time:       222 |    1108225 |                       jaxlib.mlir._mlir_libs._mlir
import time:       230 |    1108454 |                     jaxlib.mlir._mlir_libs._mlir.ir
import time:    790390 |    1899517 |                   jaxlib.mlir.ir
import time:    786641 |     786641 |                       jaxlib.mlir.dialects
import time:    220740 |     220740 |                         jaxlib.mlir.dialects._ods_common
import time:    224789 |     445528 |                       jaxlib.mlir.dialects._stablehlo_ops_gen
import time:      2695 |       2695 |                       jaxlib.mlir._mlir_libs._stablehlo
import time:    395527 |    1630390 |                     jaxlib.mlir.dialects.stablehlo
import time:      1716 |    1632105 |                   jaxlib.hlo_helpers
import time:    586063 |    4117685 |                 jaxlib.gpu_sparse
import time:      6003 |       6003 |                 jaxlib.gpu_prng
import time:      5374 |       5374 |                 jaxlib.gpu_linalg
import time:       996 |        996 |                   jaxlib.gpu_common_utils
import time:      5596 |       6591 |                 jaxlib.gpu_rnn
import time:      6810 |       6810 |                 jaxlib.gpu_triton
import time:       654 |        654 |                     jaxlib.mosaic
import time:    762020 |     762673 |                   jaxlib.mosaic.python
import time:       699 |        699 |                       jaxlib.mosaic.dialect
import time:      1008 |       1706 |                     jaxlib.mosaic.dialect.gpu
import time:      1990 |       3696 |                   jaxlib.mosaic.dialect.gpu._mosaic_gpu_gen_ops
import time:      1378 |       1378 |                   jaxlib.mosaic.dialect.gpu._mosaic_gpu_gen_enums
import time:      1808 |       1808 |                   jaxlib.mlir._mlir_libs._mosaic_gpu_ext
import time:    422066 |    1191618 |                 jaxlib.mosaic.python.mosaic_gpu
import time:    213047 |     213047 |                   jaxlib.mosaic.python._tpu_gen
import time:      2519 |       2519 |                   jaxlib.mlir._mlir_libs._tpu_ext
import time:    222318 |     437882 |                 jaxlib.mosaic.python.tpu
import time:    204309 |     204309 |                 nvidia
import time:       962 |        962 |                 nvidia.cuda_nvcc
import time:      6033 |   22210545 |               jax._src.lib
import time:    418590 |     418590 |               jax._src.logging_config
import time:      3649 |   22632783 |             jax._src.config
import time:      1222 |       1222 |             jax._src.hardware_utils
import time:      2186 |   22637611 |           jax._src.cloud_tpu_init
import time:    219980 |     219980 |           libtpu
import time:      1070 |       1070 |                   jax._src.basearray
import time:      1436 |       2506 |                 jax._src.typing
import time:      1553 |       1553 |                 jax._src.util
import time:      1013 |       1013 |                 jax._src.traceback_util
import time:      2674 |       7744 |               jax._src.dtypes
import time:      1068 |       1068 |               jax._src.effects
import time:      1084 |       1084 |               jax._src.compute_on
import time:       230 |        230 |                         _json
import time:       624 |        853 |                       json.scanner
import time:       622 |       1475 |                     json.decoder
import time:       382 |        382 |                     json.encoder
import time:       656 |       2511 |                   json
import time:      2302 |       2302 |                       jax._src.clusters.cluster
import time:      1105 |       1105 |                       jax._src.clusters.ompi_cluster
import time:      1089 |       1089 |                       jax._src.clusters.slurm_cluster
import time:       938 |        938 |                       jax._src.clusters.mpi4py_cluster
import time:      1152 |       1152 |                       jax._src.clusters.cloud_tpu_cluster
import time:      1169 |       1169 |                       jax._src.clusters.k8s_cluster
import time:      2921 |      10673 |                     jax._src.clusters
import time:      1304 |      11976 |                   jax._src.distributed
import time:    160027 |     160027 |                   jax_plugins
import time:      2722 |     177235 |                 jax._src.xla_bridge
import time:      2152 |     179386 |               jax._src.mesh
import time:      1181 |       1181 |               jax._src.partition_spec
import time:      1271 |       1271 |               jax._src.errors
import time:      1902 |       1902 |                 jax._src.tree_util
import time:      1746 |       3648 |               jax._src.linear_util
import time:       801 |        801 |                 sysconfig
import time:       570 |        570 |                 _sysconfigdata__linux_x86_64-linux-gnu
import time:      3407 |       4777 |               jax._src.source_info_util
import time:       120 |        120 |                 colorama
import time:      2514 |       2634 |               jax._src.pretty_printer
import time:    429178 |     429178 |                     jaxlib.mlir.passmanager
import time:      1663 |       1663 |                     jaxlib.mlir._mlir_libs.register_jax_dialects
import time:    883090 |    1313930 |                   jax._src.lib.mlir
import time:      1200 |       1200 |                   jax._src.lazy_loader
import time:      1947 |       1947 |                     jaxlib.mlir._mlir_libs._sdy
import time:      1899 |       1899 |                     jaxlib.mlir.dialects._sdy_ops_gen
import time:      1887 |       5732 |                   jaxlib.mlir.dialects.sdy
import time:    677974 |    1998834 |                 jax._src.lib.mlir.dialects
import time:      1072 |       1072 |                   jax._src.op_shardings
import time:      1546 |       2618 |                 jax._src.sharding
import time:      2930 |    2004380 |               jax._src.named_sharding
import time:      1266 |       1266 |               jax._src.xla_metadata
import time:      8948 |    2217380 |             jax._src.core
import time:      1504 |       1504 |             jax._src.deprecations
import time:      1932 |    2220816 |           jax.core
import time:      1001 |       1001 |             jax._src.tree
import time:      1362 |       2363 |           jax.tree
import time:       998 |        998 |           jax.typing
import time:      1028 |       1028 |           jax._src.environment_info
import time:      1141 |       1141 |                 jax._src.sharding_specs
import time:      1240 |       1240 |                 jax._src.mesh_utils
import time:      4908 |       7288 |               jax._src.sharding_impls
import time:      1150 |       1150 |               jax._src.layout
import time:    578647 |     578647 |               jax._src.interpreters
import time:      1601 |       1601 |                 jax._src.ad_util
import time:    204934 |     204934 |                         jax._src.state.indexing
import time:    620356 |     825289 |                       jax._src.state.types
import time:   1007541 |    1832830 |                     jax._src.state
import time:       259 |    1833088 |                   jax._src.state.types
import time:      2715 |    1835803 |                 jax._src.api_util
import time:      1189 |       1189 |                 jax._src.path
import time:       966 |        966 |                       http
import time:       151 |        151 |                         email
import time:       563 |        563 |                           calendar
import time:       486 |       1049 |                         email._parseaddr
import time:       118 |        118 |                           email.base64mime
import time:       206 |        206 |                           email.quoprimime
import time:       379 |        379 |                           email.errors
import time:       153 |        153 |                             quopri
import time:       345 |        498 |                           email.encoders
import time:      1163 |       2361 |                         email.charset
import time:      1267 |       4827 |                       email.utils
import time:      1138 |       1138 |                         html.entities
import time:       662 |       1800 |                       html
import time:       595 |        595 |                               email.header
import time:       544 |       1138 |                             email._policybase
import time:      1144 |       2282 |                           email.feedparser
import time:       416 |       2697 |                         email.parser
import time:       366 |        366 |                           email._encoded_words
import time:       129 |        129 |                           email.iterators
import time:       931 |       1425 |                         email.message
import time:      1293 |       5414 |                       http.client
import time:    176029 |     176029 |                         _winapi
import time:       106 |        106 |                         winreg
import time:       813 |     176947 |                       mimetypes
import time:       750 |        750 |                       socketserver
import time:      2172 |     192873 |                     http.server
import time:      2314 |     195186 |                   jax._src.profiler
import time:    782552 |     977738 |                 jax._src.interpreters.partial_eval
import time:      2020 |       2020 |                   jax._src.abstract_arrays
import time:    621655 |     623675 |                 jax._src.interpreters.xla
import time:    199106 |     199106 |                 jaxlib.mlir.dialects._func_ops_gen
import time:   1060350 |    4699458 |               jax._src.interpreters.mlir
import time:      4218 |    5290758 |             jax._src.stages
import time:      1511 |       1511 |                     jax._src.cache_key
import time:    191350 |     191350 |                       zstandard
import time:      1134 |       1134 |                       jax._src.monitoring
import time:       931 |        931 |                       jax._src.compilation_cache_interface
import time:      1169 |       1169 |                             filelock._error
import time:     13651 |      14820 |                           filelock._api
import time:       238 |        238 |                                 _queue
import time:       597 |        835 |                               queue
import time:       483 |       1317 |                             concurrent.futures.thread
import time:       647 |        647 |                                   _sqlite3
import time:       649 |       1296 |                                 sqlite3.dbapi2
import time:       491 |       1786 |                               sqlite3
import time:      1438 |       3223 |                             filelock._read_write
import time:      1540 |       6079 |                           filelock._async_read_write
import time:      1065 |       1065 |                             filelock._util
import time:      1605 |       2670 |                           filelock._soft
import time:       286 |        286 |                                   _uuid
import time:       928 |       1214 |                                 uuid
import time:      3910 |       5123 |                               filelock._soft_rw._sync
import time:    199246 |     204369 |                             filelock._soft_rw._async
import time:    369137 |     573505 |                           filelock._soft_rw
import time:      1151 |       1151 |                           filelock._unix
import time:       971 |        971 |                           filelock._windows
import time:      2014 |       2014 |                           filelock.asyncio
import time:      1012 |       1012 |                           filelock.version
import time:    186936 |     789154 |                         filelock
import time:      1355 |     790508 |                       jax._src.lru_cache
import time:      2064 |     985985 |                     jax._src.compilation_cache
import time:      2709 |     990204 |                   jax._src.compiler
import time:      1655 |       1655 |                     jax.tree_util
import time:    807071 |     808726 |                   jax._src.interpreters.ad
import time:    805277 |     805277 |                   jax._src.interpreters.batching
import time:    388971 |    2993177 |                 jax._src.interpreters.pxla
import time:      2459 |    2995635 |               jax._src.array
import time:      2991 |    2998625 |             jax._src.dispatch
import time:      1563 |       1563 |                 jax._src.lax
import time:      1195 |       1195 |                   jax.sharding
import time:      1097 |       1097 |                     jax._src.lax.utils
import time:      3637 |       4734 |                   jax._src.lax.slicing
import time:      2673 |       2673 |                   jaxlib.mlir.dialects._chlo_ops_gen
import time:      1951 |       1951 |                   jaxlib.mlir._mlir_libs._chlo
import time:    779651 |     790201 |                 jax._src.lax.lax
import time:    189079 |     189079 |                 jax._src.state.primitives
import time:      1163 |       1163 |                 jax._src.state.utils
import time:    400856 |    1382861 |               jax._src.state.discharge
import time:    398336 |    1781197 |             jax._src.pjit
import time:      3483 |   10074062 |           jax._src.api
import time:      1693 |       1693 |             jax._src.lax.convolution
import time:      2009 |       3702 |           jax._src.ad_checkpoint
import time:       992 |        992 |             jax._src.custom_api_util
import time:      1137 |       1137 |             jax._src.custom_transpose
import time:      3023 |       5152 |           jax._src.custom_derivatives
import time:      1339 |       1339 |             jax._src.ffi
import time:   1069517 |    1069517 |                 cloudpickle.cloudpickle
import time:    566720 |    1636237 |               cloudpickle
import time:      1202 |    1637439 |             jax._src.pickle_util
import time:      1093 |       1093 |                     jax._src.lax.other
import time:      2754 |       3846 |                   jax._src.lax.windowed_reductions
import time:      1176 |       1176 |                   jax._src.lax.control_flow.common
import time:      3045 |       8067 |                 jax._src.lax.control_flow.loops
import time:      1508 |       1508 |                 jax._src.lax.control_flow.conditionals
import time:      1794 |       1794 |                 jax._src.lax.control_flow.solves
import time:    216760 |     228126 |               jax._src.lax.control_flow
import time:       232 |     228358 |             jax._src.lax.control_flow.loops
import time:      2829 |    1869963 |           jax._src.callback
import time:   1029468 |    1029468 |           jax.interpreters
import time:      1361 |       1361 |           jax.interpreters.ad
import time:      1121 |       1121 |           jax.interpreters.batching
import time:    389717 |     389717 |           jax.interpreters.mlir
import time:      1114 |       1114 |           jax.interpreters.partial_eval
import time:    596135 |     596135 |           jax.interpreters.pxla
import time:      1131 |       1131 |           jax.interpreters.xla
import time:      1170 |       1170 |           jax.custom_derivatives
import time:      2121 |       2121 |                 jax._src.lax.special
import time:      1683 |       1683 |                 jax._src.lax.fft
import time:      2106 |       2106 |                 jax._src.lax.parallel
import time:      1092 |       1092 |                 jax._src.lax.ann
import time:      1310 |       1310 |                     jax._src.custom_partitioning_sharding_rule
import time:      1531 |       1531 |                         jax._src.numpy
import time:      1540 |       1540 |                           jax._src.numpy.util
import time:      1458 |       2997 |                         jax._src.numpy.array_creation
import time:      1459 |       1459 |                                 opt_einsum.typing
import time:      1518 |       2977 |                               opt_einsum.blas
import time:      1160 |       1160 |                               opt_einsum.helpers
import time:       705 |        705 |                                   _decimal
import time:       403 |       1107 |                                 decimal
import time:      2616 |       2616 |                                 opt_einsum.paths
import time:      1798 |       5520 |                               opt_einsum.path_random
import time:      1033 |       1033 |                               opt_einsum._version
import time:      1513 |       1513 |                                       opt_einsum.parser
import time:    202842 |     204354 |                                     opt_einsum.sharing
import time:    437532 |     641886 |                                   opt_einsum.backends.cupy
import time:    792721 |     792721 |                                     opt_einsum.backends.jax
import time:    195771 |     195771 |                                     opt_einsum.backends.object_arrays
import time:    788896 |     788896 |                                     opt_einsum.backends.tensorflow
import time:    199269 |     199269 |                                     opt_einsum.backends.theano
import time:    194815 |     194815 |                                     opt_einsum.backends.torch
import time:    576342 |    2747811 |                                   opt_einsum.backends.dispatch
import time:   1177977 |    4567673 |                                 opt_einsum.backends
import time:      1786 |    4569459 |                               opt_einsum.contract
import time:    166414 |    4746561 |                             opt_einsum
import time:      1427 |    4747987 |                           jax._src.numpy.einsum
import time:      5612 |       5612 |                               jax._src.numpy.reductions
import time:      1450 |       1450 |                               jax._src.numpy.vectorize
import time:      2631 |       9692 |                             jax._src.numpy.ufunc_api
import time:    205711 |     215402 |                           jax._src.numpy.ufuncs
import time:      2891 |    4966280 |                         jax._src.numpy.indexing
import time:      1933 |       1933 |                         jax._src.numpy.tensor_contractions
import time:      1726 |       1726 |                         jax._src.numpy.sorting
import time:    190687 |    5165151 |                       jax._src.numpy.lax_numpy
import time:      3432 |       3432 |                       jax._src.numpy.linalg
import time:      1246 |       1246 |                             jax._src.numpy.fft
import time:      1446 |       2692 |                           jax.numpy.fft
import time:       936 |        936 |                           jax.numpy.linalg
import time:      1156 |       1156 |                           jax._src.numpy.scalar_types
import time:      1102 |       1102 |                           jax._src.numpy.window_functions
import time:      1071 |       1071 |                           jax._src.numpy.array_api_metadata
import time:      1093 |       1093 |                           jax._src.numpy.index_tricks
import time:      2168 |       2168 |                           jax._src.numpy.polynomial
import time:      2929 |       2929 |                           jax._src.numpy.setops
import time:   1147989 |    1147989 |                             jax._src.ops
import time:    589249 |     589249 |                             jax._src.ops.scatter
import time:      2602 |    1739839 |                           jax._src.numpy.array_methods
import time:      4583 |    1757562 |                         jax.numpy
import time:      1748 |    1759310 |                       jax._src.lax.qdwh
import time:      1216 |       1216 |                       jax._src.lax.stack
import time:      2539 |    6931646 |                     jax._src.lax.eigh
import time:      1350 |       1350 |                     jax._src.lax.svd
import time:      3672 |    6937976 |                   jax._src.lax.linalg
import time:      1432 |    6939408 |                 jax.lax.linalg
import time:      3202 |    6949609 |               jax.lax
import time:      1752 |    6951360 |             jax._src.custom_batching
import time:      1279 |    6952638 |           jax.custom_batching
import time:      1404 |       1404 |           jax.custom_transpose
import time:       934 |        934 |           jax.api_util
import time:       846 |        846 |           jax.distributed
import time:      1960 |       1960 |             jax._src.debugging
import time:      2060 |       2060 |               jax._src.debugger.core
import time:       387 |        387 |                 cmd
import time:      1320 |       1707 |               jax._src.debugger.cli_debugger
import time:      1742 |       1742 |                 jax._src.debugger.colab_lib
import time:    384928 |     384928 |                 pygments
import time:      1889 |     388558 |               jax._src.debugger.colab_debugger
import time:    385013 |     385013 |               jax._src.debugger.web_debugger
import time:      2641 |     779978 |             jax._src.debugger
import time:      1506 |     783443 |           jax.debug
import time:      1206 |       1206 |             jax._src.dlpack
import time:      1361 |       2567 |           jax.dlpack
import time:       955 |        955 |           jax.dtypes
import time:       954 |        954 |           jax.errors
import time:       965 |        965 |           jax.ffi
import time:      1343 |       1343 |               jax._src.image
import time:      1827 |       3169 |             jax._src.image.scale
import time:      1864 |       5032 |           jax.image
import time:      1176 |       1176 |           jax.monitoring
import time:      1525 |       1525 |                 jax._src.nn
import time:      3200 |       3200 |                     jax._src.prng
import time:      5292 |       8491 |                   jax._src.random
import time:      1245 |       9735 |                 jax.random
import time:      1889 |      13148 |               jax._src.nn.initializers
import time:      1288 |      14436 |             jax.nn.initializers
import time:      1288 |       1288 |                   jax._src.cudnn.fusion
import time:      1704 |       2991 |                 jax._src.cudnn
import time:      1226 |       1226 |                 jax._src.custom_partitioning
import time:      2275 |       6492 |               jax._src.cudnn.fused_attention_stablehlo
import time:      2129 |       2129 |               jax._src.cudnn.scaled_matmul_stablehlo
import time:    398267 |     398267 |               jax._src.ops.special
import time:      4127 |     411013 |             jax._src.nn.functions
import time:      2046 |     427494 |           jax.nn
import time:    796588 |     796588 |           jax.ops
import time:      1465 |       1465 |           jax.profiler
import time:      1581 |       1581 |           jax.scipy
import time:      1016 |       1016 |           jax.stages
import time:       881 |        881 |           jax.util
import time:      1426 |       1426 |                 jax.experimental.x64_context
import time:      1210 |       1210 |                 jax._src.earray
import time:      1901 |       4536 |               jax.experimental
import time:    386847 |     391383 |             jax.experimental.compilation_cache
import time:    396565 |     787947 |           jax.experimental.compilation_cache.compilation_cache
import time:      1336 |       1336 |             jax.lib.xla_bridge
import time:      1056 |       1056 |             jax.lib.xla_client
import time:    194109 |     194109 |             jax.lib.xla_extension
import time:    788765 |     985265 |           jax.lib
import time:     28068 |   49839551 |         jax
import time:      1326 |       1326 |           jax.extend.backend
import time:    394584 |     394584 |             jax.extend.core.primitives
import time:   1005501 |    1400085 |           jax.extend.core
import time:      1076 |       1076 |           jax.extend.ffi
import time:       998 |        998 |           jax.extend.linear_util
import time:      1715 |       1715 |               jax._src.extend
import time:      1451 |       3165 |             jax._src.extend.random
import time:      1206 |       4371 |           jax.extend.random
import time:       965 |        965 |           jax.extend.source_info_util
import time:      3836 |    1412654 |         jax.extend
import time:      2039 |   51254243 |       flax.core.axes_scan
import time:    190714 |     190714 |             msgpack.exceptions
import time:    391166 |     391166 |             msgpack.ext
import time:      3631 |       3631 |             msgpack._cmsgpack
import time:    836791 |    1422300 |           msgpack
import time:      1969 |    1424269 |         flax.serialization
import time:    214805 |    1639073 |       flax.core.frozen_dict
import time:      1130 |       1130 |         flax.traceback_util
import time:      1676 |       1676 |             flax.errors
import time:      1158 |       1158 |             flax.struct
import time:       968 |        968 |             flax.ids
import time:      2426 |       2426 |             flax.typing
import time:      2295 |       2295 |             flax.core.meta
import time:      1030 |       1030 |             flax.core.partial_eval
import time:      1073 |       1073 |             flax.core.tracers
import time:      4719 |      15342 |           flax.core.scope
import time:      2227 |      17568 |         flax.traverse_util
import time:      3171 |      21869 |       flax.core.lift
import time:      2239 |   52917422 |     flax.core
import time:      1286 |       1286 |     flax.jax_utils
import time:      1849 |       1849 |       flax.core.spmd
import time:    201253 |     201253 |           flax.linen.kw_only_dataclasses
import time:    233030 |     434282 |         flax.linen.module
import time:    469601 |     469601 |           flax.linen.initializers
import time:    223780 |     223780 |           flax.linen.dtypes
import time:    228790 |     922169 |         flax.linen.linear
import time:      2492 |    1358943 |       flax.linen.activation
import time:      3642 |       3642 |           flax.linen.transforms
import time:      6643 |      10284 |         flax.linen.normalization
import time:    445980 |     456264 |       flax.linen.attention
import time:    194777 |     194777 |       flax.linen.batch_apply
import time:    208748 |     208748 |       flax.linen.combinators
import time:      4486 |       4486 |       flax.linen.fp8_ops
import time:      1194 |       1194 |       flax.linen.pooling
import time:      1822 |       1822 |         absl
import time:       244 |        244 |           timeit
import time:       272 |        272 |                 _csv
import time:       553 |        825 |               csv
import time:       153 |        153 |                 xml
import time:       161 |        161 |                 xml.dom.domreg
import time:       844 |       1157 |               xml.dom
import time:       170 |        170 |                 xml.dom.minicompat
import time:       114 |        114 |                   xml.dom.NodeFilter
import time:       587 |        700 |                 xml.dom.xmlbuilder
import time:      1373 |       2242 |               xml.dom.minidom
import time:      1741 |       1741 |               absl.flags._helpers
import time:      2827 |       8790 |             absl.flags._argument_parser
import time:      1055 |       1055 |               absl.flags._exceptions
import time:      1680 |       1680 |               absl.flags._flag
import time:      1012 |       1012 |                 absl.flags._validators_classes
import time:      1809 |       2821 |               absl.flags._flagvalues
import time:       939 |        939 |               absl.flags._validators
import time:      2843 |       9336 |             absl.flags._defines
import time:      2140 |      20264 |           absl.flags
import time:      1163 |       1163 |           absl.logging.converter
import time:      3573 |      25242 |         absl.logging
import time:    204649 |     231711 |       flax.linen.recurrent
import time:    410158 |     410158 |       flax.linen.spmd
import time:      1738 |       1738 |       flax.linen.stochastic
import time:      1616 |       1616 |             rich._extension
import time:    195196 |     196811 |           rich
import time:      1353 |       1353 |           rich._null_file
import time:      1064 |       1064 |           rich.errors
import time:       148 |        148 |                   colorsys
import time:      1140 |       1140 |                       rich.color_triplet
import time:      1300 |       2440 |                     rich.palette
import time:      1092 |       3531 |                   rich._palettes
import time:      1163 |       1163 |                   rich.repr
import time:      1092 |       1092 |                   rich.terminal_theme
import time:      2676 |       8608 |                 rich.color
import time:      1903 |      10511 |               rich.style
import time:      1587 |      12097 |             rich.default_styles
import time:      1245 |       1245 |             rich.theme
import time:      1287 |      14629 |           rich.themes
import time:      1196 |       1196 |           rich._emoji_replace
import time:       945 |        945 |           rich._export_format
import time:       942 |        942 |           rich._fileno
import time:      1070 |       1070 |               rich._loop
import time:       942 |        942 |               rich._pick
import time:      1340 |       1340 |                     rich._unicode_data._versions
import time:      1736 |       3075 |                   rich._unicode_data
import time:      1550 |       4625 |                 rich.cells
import time:      1119 |       5743 |               rich._wrap
import time:      2056 |       2056 |                     rich.segment
import time:      1219 |       3275 |                   rich.jupyter
import time:       917 |        917 |                     rich.protocol
import time:      1585 |       2502 |                   rich.measure
import time:      1280 |       7056 |                 rich.constrain
import time:      1477 |       8533 |               rich.align
import time:      1282 |       1282 |               rich.containers
import time:      1206 |       1206 |               rich.control
import time:      1055 |       1055 |               rich.emoji
import time:      3473 |      23301 |             rich.text
import time:      1252 |      24552 |           rich._log_render
import time:      1363 |       1363 |           rich.highlighter
import time:      1561 |       1561 |           rich.markup
import time:      1070 |       1070 |           rich.pager
import time:      1040 |       1040 |           rich.region
import time:       953 |        953 |           rich.screen
import time:       972 |        972 |           rich.styled
import time:      6614 |     255058 |         rich.console
import time:      1205 |       1205 |           rich.box
import time:       787 |        787 |             fractions
import time:      1380 |       2166 |           rich._ratio
import time:      1298 |       1298 |           rich.padding
import time:    148515 |     153183 |         rich.table
import time:    864657 |     864657 |           yaml.error
import time:    206716 |     206716 |           yaml.tokens
import time:    420205 |     420205 |           yaml.events
import time:    471537 |     471537 |           yaml.nodes
import time:    210896 |     210896 |             yaml.reader
import time:    414691 |     414691 |             yaml.scanner
import time:    395467 |     395467 |             yaml.parser
import time:    587184 |     587184 |             yaml.composer
import time:    195999 |     195999 |             yaml.constructor
import time:    397203 |     397203 |             yaml.resolver
import time:    212338 |    2413775 |           yaml.loader
import time:    595570 |     595570 |             yaml.emitter
import time:    393024 |     393024 |             yaml.serializer
import time:    786945 |     786945 |             yaml.representer
import time:    404086 |    2179623 |           yaml.dumper
import time:      5298 |       5298 |             yaml._yaml
import time:    198409 |     203706 |           yaml.cyaml
import time:   1080232 |    7840449 |         yaml
import time:      3542 |    8252231 |       flax.linen.summary
import time:    604519 |   11726612 |     flax.linen
import time:      1483 |       1483 |     flax.version
import time:      2774 |   64651073 |   flax
import time:      2871 |       2871 |         flax.nnx.filterlib
import time:      2583 |       2583 |         flax.nnx.reprlib
import time:      2609 |       2609 |         flax.nnx.proxy_caller
import time:      1433 |       1433 |           flax.nnx.traversals
import time:      1002 |       1002 |             flax.nnx.tracers
import time:      2497 |       3498 |           flax.nnx.variablelib
import time:      1683 |       6613 |         flax.nnx.statelib
import time:      8577 |      23251 |       flax.nnx.graph
import time:      1165 |       1165 |         flax.nnx.spmd
import time:      1969 |       1969 |           flax.nnx.object
import time:      1493 |       3462 |         flax.nnx.module
import time:      2152 |       6779 |       flax.nnx.bridge.variables
import time:      2640 |       2640 |       flax.nnx.rnglib
import time:      3202 |      35871 |     flax.nnx.bridge.wrappers
import time:      2058 |      37928 |   flax.nnx.bridge
import time:      1211 |       1211 |         optax.assignment._hungarian_algorithm
import time:      1917 |       3128 |       optax.assignment
import time:       575 |        575 |           optax._src
import time:      1967 |       1967 |           optax._src.base
import time:      1149 |       1149 |                 optax._src.numerics
import time:    375288 |     375288 |                             jax._src.scipy
import time:    695441 |    1070728 |                           jax._src.scipy.stats
import time:      1714 |       1714 |                                   jax._src.third_party
import time:      1957 |       3670 |                                 jax._src.third_party.scipy
import time:      1434 |       5104 |                               jax._src.third_party.scipy.betaln
import time:    439522 |     444625 |                             jax._src.scipy.special
import time:      1371 |       1371 |                             jax._src.third_party.scipy.special
import time:      1564 |     447559 |                           jax.scipy.special
import time:      2113 |    1520400 |                         jax._src.scipy.stats.bernoulli
import time:      1355 |    1521755 |                       jax.scipy.stats.bernoulli
import time:      1033 |       1033 |                         jax._src.scipy.stats.beta
import time:      1244 |       2277 |                       jax.scipy.stats.beta
import time:      1039 |       1039 |                         jax._src.scipy.stats.binom
import time:      1136 |       2175 |                       jax.scipy.stats.binom
import time:      1077 |       1077 |                         jax._src.scipy.stats.cauchy
import time:      1096 |       2173 |                       jax.scipy.stats.cauchy
import time:      1089 |       1089 |                         jax._src.scipy.stats.dirichlet
import time:      1063 |       2151 |                       jax.scipy.stats.dirichlet
import time:      1063 |       1063 |                         jax._src.scipy.stats.expon
import time:      1032 |       2095 |                       jax.scipy.stats.expon
import time:      1063 |       1063 |                         jax._src.scipy.stats.gamma
import time:      1101 |       2164 |                       jax.scipy.stats.gamma
import time:       934 |        934 |                         jax._src.scipy.stats.geom
import time:      1044 |       1977 |                       jax.scipy.stats.geom
import time:       929 |        929 |                         jax._src.scipy.stats.laplace
import time:      1057 |       1985 |                       jax.scipy.stats.laplace
import time:      1087 |       1087 |                         jax._src.scipy.stats.logistic
import time:      1050 |       2137 |                       jax.scipy.stats.logistic
import time:       927 |        927 |                         jax._src.scipy.stats.multinomial
import time:      1051 |       1977 |                       jax.scipy.stats.multinomial
import time:      1049 |       1049 |                         jax._src.scipy.stats.multivariate_normal
import time:      1090 |       2139 |                       jax.scipy.stats.multivariate_normal
import time:       994 |        994 |                         jax._src.scipy.stats.nbinom
import time:      1018 |       2011 |                       jax.scipy.stats.nbinom
import time:       941 |        941 |                         jax._src.scipy.stats.norm
import time:      1021 |       1961 |                       jax.scipy.stats.norm
import time:       905 |        905 |                         jax._src.scipy.stats.pareto
import time:      1045 |       1949 |                       jax.scipy.stats.pareto
import time:       909 |        909 |                         jax._src.scipy.stats.poisson
import time:       988 |       1897 |                       jax.scipy.stats.poisson
import time:       979 |        979 |                         jax._src.scipy.stats.t
import time:      1053 |       2031 |                       jax.scipy.stats.t
import time:       987 |        987 |                         jax._src.scipy.stats.uniform
import time:      1027 |       2013 |                       jax.scipy.stats.uniform
import time:      1007 |       1007 |                         jax._src.scipy.stats.chi2
import time:      1050 |       2057 |                       jax.scipy.stats.chi2
import time:      1033 |       1033 |                         jax._src.scipy.stats.betabinom
import time:      1092 |       2125 |                       jax.scipy.stats.betabinom
import time:       962 |        962 |                         jax._src.scipy.stats.gennorm
import time:      1072 |       2034 |                       jax.scipy.stats.gennorm
import time:      1144 |       1144 |                         jax._src.scipy.stats.truncnorm
import time:      1052 |       2195 |                       jax.scipy.stats.truncnorm
import time:    174098 |     174098 |                         jax._src.scipy.linalg
import time:      1316 |       1316 |                         jax._src.third_party.scipy.linalg
import time:      3095 |     178509 |                       jax._src.scipy.stats.kde
import time:      1607 |       1607 |                       jax._src.scipy.stats._core
import time:      1166 |       1166 |                         jax._src.scipy.stats.vonmises
import time:      1180 |       2346 |                       jax.scipy.stats.vonmises
import time:      1008 |       1008 |                         jax._src.scipy.stats.wrapcauchy
import time:      1046 |       2054 |                       jax.scipy.stats.wrapcauchy
import time:      6241 |    1756021 |                     jax.scipy.stats
import time:       167 |    1756188 |                   jax.scipy.stats.norm
import time:      1290 |    1757477 |                 optax._src.utils
import time:      1198 |       1198 |                     optax.tree_utils._casting
import time:      1119 |       1119 |                     optax.tree_utils._random
import time:      2350 |       2350 |                     optax.tree_utils._state_utils
import time:    636976 |     636976 |                     optax.tree_utils._tree_math
import time:      1353 |       1353 |                     optax._src.deprecations
import time:    209793 |     852786 |                   optax.tree_utils
import time:      1736 |     854522 |                 optax.tree
import time:      2727 |    2615874 |               optax.transforms._accumulation
import time:      1679 |       1679 |                   optax.transforms._conditionality
import time:      1106 |       1106 |                   optax.transforms._layouts
import time:      1239 |       1239 |                   optax.transforms._masking
import time:      1697 |       5720 |                 optax._src.wrappers
import time:      1861 |       7580 |               optax.transforms._adding
import time:      1388 |       1388 |               optax.transforms._clipping
import time:      1252 |       1252 |               optax.transforms._combining
import time:      1201 |       1201 |               optax.transforms._constraining
import time:      1088 |       1088 |               optax.transforms._freezing
import time:      3097 |       3097 |               optax.transforms._monitoring
import time:      2708 |    2634182 |             optax.transforms
import time:      1127 |    2635309 |           optax._src.combine
import time:      3583 |       3583 |           optax._src.transform
import time:      1968 |    2643400 |         optax.contrib._acprop
import time:      1834 |       1834 |         optax.contrib._ademamix
import time:      1098 |       1098 |         optax.contrib._adopt
import time:      1150 |       1150 |         optax.contrib._cocob
import time:      1222 |       1222 |         optax.contrib._complex_valued
import time:      1131 |       1131 |         optax.contrib._dadapt_adamw
import time:      1338 |       1338 |         optax.contrib._dog
import time:      1586 |       1586 |         optax.contrib._galore
import time:      1182 |       1182 |         optax.contrib._madgrad
import time:      1310 |       1310 |         optax.contrib._mechanic
import time:      1264 |       1264 |         optax.contrib._momo
import time:      1765 |       1765 |             optax._src.factorized
import time:      2453 |       2453 |             optax._src.linesearch
import time:      1936 |       6154 |           optax._src.alias
import time:      1957 |       8110 |         optax.contrib._muon
import time:      1171 |       1171 |         optax.contrib._privacy
import time:      1183 |       1183 |         optax.contrib._prodigy
import time:      1173 |       1173 |         optax.contrib._reduce_on_plateau
import time:       946 |        946 |           optax._src.update
import time:      1389 |       2334 |         optax.contrib._sam
import time:      1685 |       1685 |             optax.schedules._inject
import time:      1003 |       1003 |             optax.schedules._join
import time:      1294 |       1294 |             optax.schedules._schedule
import time:      2102 |       6083 |           optax.schedules
import time:      1363 |       7445 |         optax.contrib._schedule_free
import time:      1369 |       1369 |         optax.contrib._sophia
import time:      4518 |    2683807 |       optax.contrib
import time:      1792 |       1792 |         optax.experimental._aggregating
import time:      1705 |       3497 |       optax.experimental
import time:      1300 |       1300 |                 jax._src.flatten_util
import time:      1626 |       2926 |               jax.flatten_util
import time:      2357 |       5283 |             optax.projections._projections
import time:      1972 |       7254 |           optax.projections
import time:    417109 |     424362 |         optax.losses._classification
import time:    438223 |     438223 |         optax.losses._fenchel_young
import time:    205626 |     205626 |         optax.losses._ranking
import time:    648101 |     648101 |         optax.losses._regression
import time:    654564 |     654564 |         optax.losses._segmentation
import time:    611854 |     611854 |         optax.losses._self_supervised
import time:    637562 |     637562 |         optax.losses._smoothing
import time:    609921 |    4230208 |       optax.losses
import time:      2623 |       2623 |         optax.microbatching._microbatching
import time:      1867 |       4489 |       optax.microbatching
import time:     24362 |      24362 |         optax.perturbations._make_pert
import time:      2094 |      26456 |       optax.perturbations
import time:    220143 |     220143 |         optax.second_order._deprecated
import time:    580584 |     800727 |       optax.second_order
import time:      1688 |       1688 |       optax._src.linear_algebra
import time:      1412 |       1412 |       optax._src.lookahead
import time:      3602 |    7759009 |     optax
import time:    209038 |     209038 |       flax.training
import time:      2181 |     211219 |     flax.training.train_state
import time:      2516 |    7972743 |   flax.nnx.helpers
import time:      1685 |       1685 |   flax.nnx.nn
import time:      1243 |       1243 |   flax.nnx.nn.initializers
import time:      1098 |       1098 |   flax.nnx.nn.activations
import time:      1024 |       1024 |     flax.nnx.nn.dtypes
import time:      1660 |       1660 |     flax.nnx.nn.linear
import time:      1454 |       1454 |     flax.nnx.nn.normalization
import time:      1772 |       5908 |   flax.nnx.nn.attention
import time:      3751 |       3751 |           flax.nnx.extract
import time:      1369 |       1369 |                 jax.experimental.multihost_utils
import time:      4605 |       5974 |               jax.experimental.shard_map
import time:    203969 |     209943 |             jax._src.checkify
import time:      1316 |       1316 |             flax.nnx.transforms.general
import time:      1944 |     213202 |           flax.nnx.transforms.transforms
import time:      4854 |     221806 |         flax.nnx.transforms.deprecated
import time:      1810 |     223615 |       flax.nnx.transforms
import time:      4588 |     228202 |     flax.nnx.transforms.iteration
import time:      1736 |     229937 |   flax.nnx.nn.recurrent
import time:      1227 |       1227 |   flax.nnx.nn.lora
import time:      1580 |       1580 |   flax.nnx.nn.stochastic
import time:      1395 |       1395 |   flax.nnx.training
import time:      2068 |       2068 |   flax.nnx.training.metrics
import time:      1217 |       1217 |   flax.nnx.training.optimizer
import time:      3574 |       3574 |   flax.nnx.transforms.autodiff
import time:      1700 |       1700 |   flax.nnx.transforms.compilation
import time:      1892 |       1892 |         IPython.core
import time:      1670 |       3561 |       IPython.core.getipython
import time:       938 |        938 |       IPython.core.release
import time:      1669 |       1669 |                   traitlets.utils
import time:      1408 |       3077 |                 traitlets.utils.bunch
import time:       989 |        989 |                 traitlets.utils.descriptions
import time:       958 |        958 |                 traitlets.utils.getargspec
import time:       950 |        950 |                 traitlets.utils.importstring
import time:       938 |        938 |                 traitlets.utils.sentinel
import time:      1049 |       1049 |                 traitlets.utils.warnings
import time:      7955 |      15912 |               traitlets.traitlets
import time:      1254 |       1254 |               traitlets._version
import time:      1066 |       1066 |               traitlets.utils.decorators
import time:      2303 |      20534 |             traitlets
import time:       905 |        905 |                 logging.handlers
import time:      1423 |       2328 |               logging.config
import time:       921 |        921 |                 traitlets.utils.text
import time:      2293 |       2293 |                 traitlets.config.loader
import time:      2062 |       5275 |               traitlets.config.configurable
import time:      1094 |       1094 |               traitlets.utils.nested_update
import time:      3032 |      11727 |             traitlets.config.application
import time:      1894 |      34154 |           traitlets.config
import time:       206 |      34359 |         traitlets.config.application
import time:      1093 |       1093 |                     executing._utils
import time:      1076 |       1076 |                       executing._exceptions
import time:      1926 |       3001 |                     executing._position_node_finder
import time:      2400 |       6493 |                   executing.executing
import time:       921 |        921 |                   executing._pytest_utils
import time:       982 |        982 |                   executing.version
import time:    220407 |     228803 |                 executing
import time:    863854 |     863854 |                     asttokens.line_numbers
import time:    649437 |     649437 |                           astroid
import time:       325 |     649761 |                         astroid.nodes
import time:   1032877 |    1682638 |                       asttokens.util
import time:    638764 |    2321402 |                     asttokens.asttokens
import time:    982167 |    4167422 |                   asttokens
import time:       203 |    4167624 |                 asttokens.util
import time:      1411 |       1411 |                       pure_eval.utils
import time:      1539 |       2949 |                     pure_eval.my_getattr_static
import time:      2113 |       5062 |                   pure_eval.core
import time:      1011 |       1011 |                   pure_eval.version
import time:    200596 |     206668 |                 pure_eval
import time:    190775 |     190775 |                 stack_data.utils
import time:      3823 |    4797692 |               stack_data.core
import time:      1416 |       1416 |               stack_data.formatting
import time:      1167 |       1167 |               stack_data.serializing
import time:       929 |        929 |               stack_data.version
import time:    388027 |    5189228 |             stack_data
import time:      1271 |       1271 |                 pygments.formatters._mapping
import time:        96 |         96 |                         importlib.metadata._functools
import time:       440 |        536 |                       importlib.metadata._text
import time:       460 |        996 |                     importlib.metadata._adapters
import time:       318 |        318 |                     importlib.metadata._meta
import time:       264 |        264 |                     importlib.metadata._collections
import time:       119 |        119 |                     importlib.metadata._itertools
import time:      1895 |       3590 |                   importlib.metadata
import time:      1240 |       4829 |                 pygments.plugin
import time:      1738 |       1738 |                 pygments.util
import time:    214000 |     221837 |               pygments.formatters
import time:      1381 |       1381 |                   pygments.styles._mapping
import time:      1884 |       3264 |                 pygments.styles
import time:      1132 |       4395 |               pygments.formatter
import time:       963 |        963 |               pygments.console
import time:      1187 |       1187 |                 pygments.token
import time:      1397 |       2584 |               pygments.style
import time:      1838 |     231614 |             pygments.formatters.terminal256
import time:    635239 |     635239 |             IPython.utils
import time:       384 |        384 |                     shlex
import time:      1066 |       1066 |                       IPython.utils.encoding
import time:      1201 |       2267 |                     IPython.utils.py3compat
import time:      1567 |       4216 |                   IPython.utils._process_common
import time:      1367 |       5582 |                 IPython.utils._process_posix
import time:      1274 |       6856 |               IPython.utils.process
import time:      1966 |       8821 |             IPython.utils.path
import time:      1362 |       1362 |               pygments.styles.monokai
import time:      1147 |       1147 |               pygments.styles.default
import time:      1171 |       1171 |               pygments.styles.pastie
import time:      1294 |       1294 |               pygments.styles.gruvbox
import time:     12279 |      17251 |             IPython.utils.PyColorize
import time:      1089 |       1089 |             IPython.utils.terminal
import time:      1590 |       1590 |             IPython.core.display_trap
import time:      1607 |       1607 |                 pydoc
import time:       188 |        188 |                     codeop
import time:      1216 |       1404 |                   IPython.core.debugger_backport
import time:       337 |        337 |                     bdb
import time:       189 |        189 |                     code
import time:      1154 |       1679 |                   pdb
import time:      1959 |       5041 |                 IPython.core.debugger
import time:      1777 |       8424 |               IPython.core.tbtools
import time:      1377 |       9800 |             IPython.core.doctb
import time:      3238 |    6097867 |           IPython.core.ultratb
import time:       891 |        891 |             IPython.utils._sysinfo
import time:      1257 |       2147 |           IPython.utils.sysinfo
import time:      1532 |    6101545 |         IPython.core.crashhandler
import time:       960 |        960 |             IPython.utils.importstring
import time:    171849 |     172809 |           IPython.paths
import time:      1506 |     174315 |         IPython.core.profiledir
import time:      2604 |    6312821 |       IPython.core.application
import time:      1825 |       1825 |         IPython.terminal
import time:      1349 |       1349 |         IPython.core.compilerop
import time:      1012 |       1012 |           IPython.core.error
import time:       941 |        941 |             IPython.utils.docs
import time:      1147 |       2087 |           IPython.utils.decorators
import time:      1548 |       1548 |           IPython.utils.text
import time:      1728 |       6373 |         IPython.core.magic_arguments
import time:       348 |        348 |           getopt
import time:      1031 |       1031 |                 IPython.core.display_functions
import time:      1425 |       1425 |                     IPython.testing
import time:      1225 |       2649 |                   IPython.testing.skipdoctest
import time:      2262 |       4911 |                 IPython.core.display
import time:    187511 |     187511 |                   IPython.lib
import time:      1874 |     189385 |                 IPython.lib.display
import time:      1432 |     196758 |               IPython.display
import time:      1079 |       1079 |               IPython.utils.data
import time:      1457 |     199293 |             IPython.core.page
import time:      1567 |       1567 |             IPython.lib.pretty
import time:      1322 |       1322 |             IPython.utils.openpy
import time:      1043 |       1043 |             IPython.utils.dir2
import time:      1047 |       1047 |             IPython.utils.wildcard
import time:      3764 |       3764 |               pygments.lexers._mapping
import time:      1196 |       1196 |               pygments.modeline
import time:      2060 |       7019 |             pygments.lexers
import time:       927 |        927 |                 pygments.filter
import time:      1947 |       1947 |                 pygments.filters
import time:      1012 |       1012 |                 pygments.regexopt
import time:      2096 |       5982 |               pygments.lexer
import time:      1142 |       1142 |               pygments.unistring
import time:      2435 |       9558 |             pygments.lexers.python
import time:       492 |        492 |               ctags
import time:      1418 |       1909 |             pygments.formatters.html
import time:      4143 |     226898 |           IPython.core.oinspect
import time:      1259 |       1259 |             IPython.utils.tokenutil
import time:      2391 |       3649 |           IPython.core.inputtransformer2
import time:      1170 |       1170 |           IPython.utils.ipstruct
import time:      2571 |     234634 |         IPython.core.magic
import time:       119 |        119 |           runpy
import time:    160507 |     160507 |             IPython.external
import time:    390350 |     390350 |             cPickle
import time:      1758 |     552615 |           IPython.external.pickleshare
import time:      1140 |       1140 |           IPython.core.hooks
import time:      1201 |       1201 |             IPython.core.autocall
import time:      1203 |       1203 |             IPython.core.macro
import time:      1320 |       1320 |             IPython.core.splitinput
import time:      3714 |       7437 |           IPython.core.prefilter
import time:      1555 |       1555 |           IPython.core.alias
import time:      1227 |       1227 |           IPython.core.builtin_trap
import time:    180358 |     180358 |               decorator
import time:      3709 |     184067 |             IPython.core.history
import time:      1473 |     185540 |           IPython.core.displayhook
import time:      1391 |       1391 |           IPython.core.displaypub
import time:      1101 |       1101 |           IPython.core.events
import time:      1867 |       1867 |           IPython.core.extensions
import time:      1151 |       1151 |             IPython.utils.sentinel
import time:      3401 |       4552 |           IPython.core.formatters
import time:      1262 |       1262 |           IPython.core.logger
import time:      1077 |       1077 |           IPython.core.payload
import time:       120 |        120 |             argcomplete
import time:      1195 |       1314 |           IPython.core.tips
import time:       912 |        912 |           IPython.core.usage
import time:      1174 |       1174 |             IPython.utils.capture
import time:      1255 |       2429 |           IPython.utils.io
import time:      1044 |       1044 |           IPython.utils.strdispatch
import time:       930 |        930 |           IPython.utils.syspathcontext
import time:       105 |        105 |             docrepr
import time:       147 |        251 |           docrepr.sphinxify
import time:      1055 |       1055 |           IPython.core.async_helpers
import time:      6789 |     775594 |         IPython.core.interactiveshell
import time:      1064 |       1064 |           IPython.core.kitty
import time:      1051 |       1051 |                     prompt_toolkit.application.current
import time:       906 |        906 |                           prompt_toolkit.eventloop.utils
import time:      1491 |       2396 |                         prompt_toolkit.eventloop.async_generator
import time:      1018 |       1018 |                         prompt_toolkit.eventloop.inputhook
import time:      1683 |       5097 |                       prompt_toolkit.eventloop
import time:      1126 |       6222 |                     prompt_toolkit.application.run_in_terminal
import time:    197332 |     197332 |                             prompt_toolkit.selection
import time:    625143 |     822474 |                           prompt_toolkit.clipboard.base
import time:    657000 |     657000 |                           prompt_toolkit.clipboard.in_memory
import time:    379009 |    1858482 |                         prompt_toolkit.clipboard
import time:      1643 |       1643 |                             prompt_toolkit.cache
import time:      1113 |       1113 |                             prompt_toolkit.enums
import time:    216524 |     216524 |                             prompt_toolkit.filters.base
import time:    432015 |     651294 |                           prompt_toolkit.filters.app
import time:      1054 |       1054 |                           prompt_toolkit.filters.cli
import time:       976 |        976 |                           prompt_toolkit.filters.utils
import time:    398906 |    1052228 |                         prompt_toolkit.filters
import time:      2414 |    2913122 |                       prompt_toolkit.document
import time:      1446 |    2914568 |                     prompt_toolkit.auto_suggest
import time:      2570 |       2570 |                                           prompt_toolkit.keys
import time:      2069 |       4638 |                                         prompt_toolkit.key_binding.key_bindings
import time:      1102 |       1102 |                                                 wcwidth.bisearch
import time:      1295 |       1295 |                                                   wcwidth.table_grapheme
import time:      1768 |       3063 |                                                 wcwidth.grapheme
import time:      1188 |       1188 |                                                 wcwidth.table_mc
import time:      1950 |       1950 |                                                 wcwidth.sgr_state
import time:      1074 |       1074 |                                                 wcwidth.table_vs16
import time:      1037 |       1037 |                                                 wcwidth.table_wide
import time:      1579 |       1579 |                                                 wcwidth.table_zero
import time:      1058 |       1058 |                                                 wcwidth.control_codes
import time:      1014 |       1014 |                                                 wcwidth.table_ambiguous
import time:      1817 |       1817 |                                                 wcwidth.escape_sequences
import time:       910 |        910 |                                                 wcwidth.unicode_versions
import time:      3740 |      19526 |                                               wcwidth.wcwidth
import time:      1642 |       1642 |                                               wcwidth.textwrap
import time:    188754 |     209921 |                                             wcwidth
import time:      1542 |     211463 |                                           prompt_toolkit.utils
import time:      1436 |     212898 |                                         prompt_toolkit.key_binding.key_processor
import time:      2053 |     219588 |                                       prompt_toolkit.key_binding
import time:      1737 |     221325 |                                     prompt_toolkit.key_binding.vi_state
import time:      1492 |     222816 |                                   prompt_toolkit.cursor_shapes
import time:      1292 |       1292 |                                   prompt_toolkit.data_structures
import time:    618519 |     618519 |                                     prompt_toolkit.styles.base
import time:   1019591 |    1019591 |                                       prompt_toolkit.styles.named_colors
import time:    195673 |     195673 |                                       prompt_toolkit.styles.style
import time:    874234 |    2089498 |                                     prompt_toolkit.styles.defaults
import time:    392682 |     392682 |                                     prompt_toolkit.styles.pygments
import time:    193957 |     193957 |                                     prompt_toolkit.styles.style_transformation
import time:    586479 |    3881133 |                                   prompt_toolkit.styles
import time:      1669 |       1669 |                                   prompt_toolkit.output.color_depth
import time:      2033 |    4108941 |                                 prompt_toolkit.output.base
import time:      1015 |       1015 |                                     prompt_toolkit.output.flush_stdout
import time:      1320 |       2335 |                                   prompt_toolkit.output.plain_text
import time:      1183 |       3517 |                                 prompt_toolkit.output.defaults
import time:      1880 |    4114337 |                               prompt_toolkit.output
import time:      1859 |    4116195 |                             prompt_toolkit.output.vt100
import time:      1494 |       1494 |                               prompt_toolkit.mouse_events
import time:      2014 |       3508 |                             prompt_toolkit.formatted_text.base
import time:      1881 |    4121583 |                           prompt_toolkit.formatted_text.ansi
import time:      1147 |       1147 |                           prompt_toolkit.formatted_text.html
import time:      1037 |       1037 |                           prompt_toolkit.formatted_text.pygments
import time:      1022 |       1022 |                           prompt_toolkit.formatted_text.utils
import time:    221291 |    4346078 |                         prompt_toolkit.formatted_text
import time:    434478 |    4780555 |                       prompt_toolkit.completion.base
import time:    182431 |     182431 |                       prompt_toolkit.completion.deduplicate
import time:    795801 |     795801 |                       prompt_toolkit.completion.filesystem
import time:    819810 |     819810 |                         prompt_toolkit.completion.word_completer
import time:    600135 |    1419945 |                       prompt_toolkit.completion.fuzzy_completer
import time:    881208 |     881208 |                       prompt_toolkit.completion.nested
import time:    869654 |    8929592 |                     prompt_toolkit.completion
import time:      1647 |       1647 |                     prompt_toolkit.history
import time:      1378 |       1378 |                     prompt_toolkit.search
import time:      1190 |       1190 |                     prompt_toolkit.validation
import time:      3355 |   11858999 |                   prompt_toolkit.buffer
import time:      1496 |       1496 |                       prompt_toolkit.input.base
import time:      1107 |       1107 |                       prompt_toolkit.input.defaults
import time:      2123 |       4726 |                     prompt_toolkit.input
import time:       181 |       4906 |                   prompt_toolkit.input.base
import time:      1172 |       1172 |                   prompt_toolkit.input.typeahead
import time:      1905 |       1905 |                     prompt_toolkit.key_binding.bindings
import time:       976 |        976 |                     prompt_toolkit.key_binding.bindings.scroll
import time:      1623 |       4504 |                   prompt_toolkit.key_binding.bindings.page_navigation
import time:      1300 |       1300 |                                   prompt_toolkit.lexers.base
import time:      1297 |       1297 |                                   prompt_toolkit.lexers.pygments
import time:   1183700 |    1186295 |                                 prompt_toolkit.lexers
import time:      1135 |       1135 |                                   prompt_toolkit.layout.utils
import time:      1971 |       3106 |                                 prompt_toolkit.layout.processors
import time:      2249 |    1191648 |                               prompt_toolkit.layout.controls
import time:      1127 |       1127 |                               prompt_toolkit.layout.dimension
import time:      1176 |       1176 |                               prompt_toolkit.layout.margins
import time:       953 |        953 |                               prompt_toolkit.layout.mouse_handlers
import time:      1243 |       1243 |                               prompt_toolkit.layout.screen
import time:      3470 |    1199616 |                             prompt_toolkit.layout.containers
import time:      1168 |       1168 |                             prompt_toolkit.layout.layout
import time:      1720 |       1720 |                             prompt_toolkit.layout.menus
import time:      1295 |       1295 |                             prompt_toolkit.layout.scrollable_pane
import time:      2237 |    1206034 |                           prompt_toolkit.layout
import time:       174 |    1206208 |                         prompt_toolkit.layout.controls
import time:      1054 |       1054 |                         prompt_toolkit.key_binding.bindings.completion
import time:      1850 |    1209111 |                       prompt_toolkit.key_binding.bindings.named_commands
import time:      1181 |    1210291 |                     prompt_toolkit.key_binding.bindings.basic
import time:       946 |        946 |                     prompt_toolkit.key_binding.bindings.cpr
import time:      1270 |       1270 |                     prompt_toolkit.key_binding.bindings.emacs
import time:      1223 |       1223 |                     prompt_toolkit.key_binding.bindings.mouse
import time:      1179 |       1179 |                         prompt_toolkit.input.ansi_escape_sequences
import time:      1669 |       2847 |                       prompt_toolkit.input.vt100_parser
import time:      2731 |       2731 |                       prompt_toolkit.key_binding.digraphs
import time:      2469 |       8046 |                     prompt_toolkit.key_binding.bindings.vi
import time:      1926 |    1223700 |                   prompt_toolkit.key_binding.defaults
import time:      1091 |       1091 |                   prompt_toolkit.key_binding.emacs_state
import time:       919 |        919 |                   prompt_toolkit.layout.dummy
import time:      1513 |       1513 |                   prompt_toolkit.renderer
import time:      3301 |   13100100 |                 prompt_toolkit.application.application
import time:      1423 |       1423 |                 prompt_toolkit.application.dummy
import time:      2333 |   13103855 |               prompt_toolkit.application
import time:      1412 |       1412 |                       prompt_toolkit.widgets.toolbars
import time:      2301 |       3712 |                     prompt_toolkit.widgets.base
import time:      1472 |       1472 |                       prompt_toolkit.key_binding.bindings.focus
import time:      1275 |       2747 |                     prompt_toolkit.widgets.dialogs
import time:      1151 |       1151 |                     prompt_toolkit.widgets.menus
import time:      2219 |       9826 |                   prompt_toolkit.widgets
import time:    438731 |     448557 |                 prompt_toolkit.shortcuts.choice_input
import time:    221341 |     221341 |                 prompt_toolkit.shortcuts.dialogs
import time:       137 |        137 |                         xml.parsers
import time:       743 |        743 |                           pyexpat
import time:       342 |       1084 |                         xml.parsers.expat
import time:      1167 |       2387 |                       xml.dom.expatbuilder
import time:      2057 |       4443 |                     prompt_toolkit.shortcuts.progress_bar.formatters
import time:      1970 |       6413 |                   prompt_toolkit.shortcuts.progress_bar.base
import time:      1728 |       8140 |                 prompt_toolkit.shortcuts.progress_bar
import time:      1156 |       1156 |                   prompt_toolkit.key_binding.bindings.auto_suggest
import time:      1044 |       1044 |                   prompt_toolkit.key_binding.bindings.open_in_editor
import time:    214083 |     216282 |                 prompt_toolkit.shortcuts.prompt
import time:      1173 |       1173 |                 prompt_toolkit.shortcuts.utils
import time:    762971 |    1658462 |               prompt_toolkit.shortcuts
import time:    386111 |   15148428 |             prompt_toolkit
import time:       213 |   15148640 |           prompt_toolkit.auto_suggest
import time:      1414 |       1414 |           prompt_toolkit.patch_stdout
import time:       336 |        336 |               unicodedata
import time:      4727 |       4727 |               IPython.core.guarded_eval
import time:      1749 |       1749 |               IPython.core.latex_symbols
import time:    192983 |     192983 |               IPython.utils.generics
import time:      1472 |       1472 |                         parso.utils
import time:      1594 |       3065 |                       parso.tree
import time:      1645 |       1645 |                                 parso.python
import time:      1261 |       1261 |                                 parso.python.token
import time:      3235 |       6140 |                               parso.python.tokenize
import time:      1330 |       7470 |                             parso.pgen2.grammar_parser
import time:      1591 |       9060 |                           parso.pgen2.generator
import time:      1734 |      10794 |                         parso.pgen2
import time:       191 |      10984 |                       parso.pgen2.generator
import time:      1744 |      15792 |                     parso.parser
import time:       936 |        936 |                       parso._compatibility
import time:      1188 |       1188 |                             parso.python.prefix
import time:      2682 |       3870 |                           parso.python.tree
import time:      1341 |       5210 |                         parso.python.parser
import time:      1836 |       7045 |                       parso.python.diff
import time:      1164 |       1164 |                       parso.cache
import time:      2071 |       2071 |                         parso.normalizer
import time:      2222 |       4293 |                       parso.python.errors
import time:      1382 |       1382 |                       parso.python.pep8
import time:      1022 |       1022 |                       parso.file_io
import time:      2621 |      18460 |                     parso.grammar
import time:    202058 |     236309 |                   parso
import time:    799773 |     799773 |                   jedi.parser_utils
import time:    222462 |     222462 |                     colorama
import time:    222405 |     444866 |                   jedi.debug
import time:   1282774 |    1282774 |                   jedi.settings
import time:    196405 |     196405 |                   jedi.cache
import time:    412497 |     412497 |                   jedi.file_io
import time:      1164 |       1164 |                             jedi.inference.cache
import time:      1116 |       1116 |                               jedi.inference.helpers
import time:      1217 |       1217 |                               jedi.inference.utils
import time:      2028 |       4361 |                             jedi.inference.base_value
import time:      1639 |       7164 |                           jedi.inference.sys_path
import time:      1089 |       1089 |                                   jedi.inference.recursion
import time:      1514 |       2602 |                                 jedi.inference.flow_analysis
import time:    594080 |     594080 |                                       jedi.common
import time:      1326 |     595406 |                                     jedi.inference.lazy_value
import time:      1641 |     597046 |                                   jedi.inference.docstrings
import time:      1639 |       1639 |                                   jedi.plugins
import time:      2130 |     600815 |                                 jedi.inference.names
import time:      1977 |     605392 |                               jedi.inference.filters
import time:      1167 |       1167 |                                 jedi.inference.compiled.getattr_static
import time:      2056 |       3222 |                               jedi.inference.compiled.access
import time:      1262 |       1262 |                               jedi.inference.signature
import time:      1387 |       1387 |                               jedi.inference.context
import time:      2820 |     614081 |                             jedi.inference.compiled.value
import time:      1708 |     615789 |                           jedi.inference.compiled
import time:      1275 |       1275 |                           jedi.inference.analysis
import time:      1547 |       1547 |                             jedi.inference.gradual
import time:      1326 |       1326 |                                   jedi.inference.value.module
import time:      1101 |       1101 |                                         jedi.inference.value.dynamic_arrays
import time:      2148 |       3248 |                                       jedi.inference.value.iterable
import time:      1624 |       4872 |                                     jedi.inference.arguments
import time:       932 |        932 |                                       jedi.inference.parser_cache
import time:      1217 |       1217 |                                       jedi.inference.gradual.generics
import time:      2172 |       4320 |                                     jedi.inference.value.function
import time:      1734 |      10925 |                                   jedi.inference.value.klass
import time:      1769 |       1769 |                                   jedi.inference.value.instance
import time:      2152 |      16171 |                                 jedi.inference.value
import time:       245 |      16415 |                               jedi.inference.value.module
import time:      1243 |       1243 |                                 jedi.inference.gradual.base
import time:      1129 |       1129 |                                 jedi.inference.gradual.type_var
import time:      2077 |       4448 |                               jedi.inference.gradual.typing
import time:      1865 |      22728 |                             jedi.inference.gradual.stub_value
import time:      2059 |      26333 |                           jedi.inference.gradual.typeshed
import time:    386670 |     386670 |                               jedi._compatibility
import time:    219488 |     219488 |                               jedi.inference.compiled.subprocess.functions
import time:    456098 |     456098 |                               jedi.api.exceptions
import time:      2904 |    1065159 |                             jedi.inference.compiled.subprocess
import time:       268 |    1065426 |                           jedi.inference.compiled.subprocess.functions
import time:      2825 |    1718810 |                         jedi.inference.imports
import time:      1161 |       1161 |                             jedi.inference.param
import time:      1635 |       2796 |                           jedi.inference.gradual.annotation
import time:      1033 |       1033 |                           jedi.inference.value.decorator
import time:      2229 |       6057 |                         jedi.inference.syntax_tree
import time:      2339 |    1727205 |                       jedi.inference
import time:       218 |    1727423 |                     jedi.inference.utils
import time:      1112 |       1112 |                       jedi.inference.gradual.conversion
import time:      1625 |       2736 |                     jedi.inference.compiled.mixed
import time:       499 |        499 |                       pydoc_data
import time:       991 |        991 |                       pydoc_data.topics
import time:   1357607 |    1359096 |                     jedi.api.keywords
import time:    814895 |     814895 |                     jedi.api.completion_cache
import time:    598239 |     598239 |                     jedi.api.helpers
import time:    598443 |    5100830 |                   jedi.api.classes
import time:    781515 |     781515 |                   jedi.api.interpreter
import time:    831741 |     831741 |                     jedi.api.strings
import time:    402056 |     402056 |                     jedi.api.file_name
import time:      1716 |       1716 |                     jedi.inference.docstring_utils
import time:    993377 |    2228889 |                   jedi.api.completion
import time:       928 |        928 |                     filecmp
import time:    779882 |     780810 |                   jedi.api.environment
import time:      1703 |       1703 |                     jedi.inference.references
import time:    839477 |     841180 |                   jedi.api.project
